{
    "Andaman and Nicobar": [
      [
        6.754255771636963,
        92.20723724365251
      ],
      [
        14.935833930969181,
        94.27777862548857
      ]
    ],
    "Telangana": [
      [
        15.827180862426985,
        77.23517608642584
      ],
      [
        19.91608810424799,
        81.79440307617182
      ]
    ],
    "Andhra Pradesh": [
      [
        12.611840248107853,
        76.75698852539068
      ],
      [
        19.156890869140625,
        84.76101684570318
      ]
    ],
    "Arunachal Pradesh": [
      [
        26.656021118164062,
        91.54389190673834
      ],
      [
        29.46334457397461,
        97.41516113281278
      ]
    ],
    "Assam": [
      [
        24.134750366210994,
        89.69483947753906
      ],
      [
        27.977371215820426,
        96.02091217041044
      ]
    ],
    "Bihar": [
      [
        24.287040710449332,
        83.31607055664091
      ],
      [
        27.850715637207315,
        88.2919158935548
      ]
    ],
    "Chandigarh": [
      [
        30.66931915283203,
        76.69062805175787
      ],
      [
        30.799039840698356,
        76.83629608154297
      ]
    ],
    "Chhattisgarh": [
      [
        17.782831192016715,
        80.23956298828142
      ],
      [
        24.106981277466048,
        84.38964843750006
      ]
    ],
    "Dadra and Nagar Haveli": [
      [
        20.05162048339838,
        72.9223098754884
      ],
      [
        20.360710144043026,
        73.22915649414068
      ]
    ],
    "Daman and Diu": [
      [
        20.368738174438533,
        70.6734695434572
      ],
      [
        20.990100860595817,
        72.87552642822271
      ]
    ],
    "Delhi": [
      [
        28.40846061706543,
        76.83291625976568
      ],
      [
        28.884511947631836,
        77.33773803710938
      ]
    ],
    "Goa": [
      [
        14.895659446716309,
        73.6793060302735
      ],
      [
        15.797529220581112,
        74.34165191650408
      ]
    ],
    "Gujarat": [
      [
        20.12079811096197,
        68.18624877929705
      ],
      [
        24.705789566039982,
        74.47891998291044
      ]
    ],
    "Haryana": [
      [
        27.655969619751033,
        74.46526336669939
      ],
      [
        30.93037986755371,
        77.59201812744146
      ]
    ],
    "Himachal Pradesh": [
      [
        30.384519577026424,
        75.57875823974626
      ],
      [
        33.255710601806584,
        78.99669647216791
      ]
    ],
    "Jammu and Kashmir": [
      [
        32.27532958984381,
        73.76322174072271
      ],
      [
        35.50133132934593,
        79.56429290771513
      ]
    ],
    "Jharkhand": [
      [
        21.9665908813476,
        83.32356262207048
      ],
      [
        25.348390579223633,
        87.97334289550787
      ]
    ],
    "Karnataka": [
      [
        11.574480056762695,
        74.0543060302735
      ],
      [
        18.455120086669922,
        78.57746887207026
      ]
    ],
    "Kerala": [
      [
        8.297470092773494,
        74.86653137207026
      ],
      [
        12.790810585021973,
        77.39623260498075
      ]
    ],
    "Lakshadweep": [
      [
        8.26597118377697,
        72.10013580322283
      ],
      [
        11.706251144409407,
        73.70263671875028
      ]
    ],
    "Madhya Pradesh": [
      [
        21.07530975341797,
        74.03466796875006
      ],
      [
        26.87437057495123,
        82.8077774047851
      ]
    ],
    "Maharashtra": [
      [
        15.604599952697868,
        72.6506958007813
      ],
      [
        22.030998229980526,
        80.89215850830084
      ]
    ],
    "Manipur": [
      [
        23.842729568481445,
        92.97360229492205
      ],
      [
        25.69765090942377,
        94.75100708007841
      ]
    ],
    "Meghalaya": [
      [
        25.031820297241325,
        89.82166290283197
      ],
      [
        26.118740081787223,
        92.80442047119158
      ]
    ],
    "Mizoram": [
      [
        21.946229934692326,
        92.25939941406278
      ],
      [
        24.520849227905387,
        93.44470214843767
      ]
    ],
    "Nagaland": [
      [
        25.20205116271984,
        93.3317413330081
      ],
      [
        27.042949676513672,
        95.24491882324224
      ]
    ],
    "Odisha": [
      [
        17.80261039733881,
        81.38300323486328
      ],
      [
        22.563589096069336,
        87.48265838623075
      ]
    ],
    "Puducherry": [
      [
        10.811101913452148,
        75.22113037109392
      ],
      [
        16.7516899108889,
        82.30282592773443
      ]
    ],
    "Punjab": [
      [
        29.546171188354492,
        73.8708877563476
      ],
      [
        32.57619094848633,
        76.93139648437528
      ]
    ],
    "Rajasthan": [
      [
        23.062690734863395,
        69.48373413085943
      ],
      [
        30.195049285888672,
        78.2622375488283
      ]
    ],
    "Sikkim": [
      [
        27.081609725952205,
        88.01696777343767
      ],
      [
        28.130968093872184,
        88.92237091064453
      ]
    ],
    "Tamil Nadu": [
      [
        8.076525688171444,
        76.22574615478533
      ],
      [
        13.537590980529842,
        80.34680175781256
      ]
    ],
    "Tripura": [
      [
        22.944150924682674,
        91.15448760986357
      ],
      [
        24.533969879150334,
        92.3368377685548
      ]
    ],
    "Uttar Pradesh": [
      [
        23.872770309448242,
        77.0849075317384
      ],
      [
        30.41245841980009,
        84.63059997558622
      ]
    ],
    "Uttarakhand": [
      [
        28.715620040893782,
        77.56224060058611
      ],
      [
        31.472259521484375,
        81.01999664306669
      ]
    ],
    "West Bengal": [
      [
        21.539445877075195,
        85.82636260986328
      ],
      [
        27.22103118896507,
        89.87754821777338
      ]
    ]
}