{
    "Andaman and Nicobar": [
      92.96817805309004,
      11.225999159637015,
      7
    ],
    "Telangana": [
      79.05945704590525,
      17.794839951543416,
      7
    ],
    "Andhra Pradesh": [
      79.92728732712982,
      15.711593382561121,
      7
    ],
    "Arunachal Pradesh": [
      94.67515237957905,
      28.038730698081054,
      7
    ],
    "Assam": [
      92.83044132103974,
      26.35714941016106,
      7
    ],
    "Bihar": [
      85.6048397265003,
      25.679658204531606,
      7
    ],
    "Chandigarh": [
      76.76827808622045,
      30.733838932780106,
      8
    ],
    "Chhattisgarh": [
      82.03536606051067,
      21.264704746358447,
      7
    ],
    "Dadra and Nagar Haveli": [
      73.08090142535936,
      20.194741940454108,
      9
    ],
    "Daman and Diu": [
      72.8327991,
      20.3973736,
      9
    ],
    "Delhi": [
      77.10897953454145,
      28.646518974169364,
      9
    ],
    "Goa": [
      74.05739562479837,
      15.35968206604321,
      9
    ],
    "Gujarat": [
      71.59092346316936,
      22.694884371898898,
      7
    ],
    "Haryana": [
      76.33282351763373,
      29.20004039913427,
      7
    ],
    "Himachal Pradesh":[
      77.23308095596242,
      31.927212558803955,
      7
    ],
    "Jammu and Kashmir":[
      76.61263776590489,
      33.75942968458477,
      7
    ],
    "Jharkhand":[
      85.5576314777869,
      23.654535822975657,
      7
    ],
    "Karnataka":[
      76.16643556139643,
      14.705180300295593,
      7
    ],
    "Kerala":[
      76.40574859691485,
      10.450897739626965,
      7
    ],
    "Lakshadweep":[
      72.93961267117278,
      10.451273597274923,
      8
    ],
    "Madhya Pradesh":[
      78.28963286895421,
      23.54151345032503,
      6
    ],
    "Maharashtra":[
      76.10822143119134,
      19.449759276947724,
      7
    ],
    "Manipur":[
      93.88254078442424,
      24.738974985848095,
      8
    ],
    "Meghalaya":[
      91.27888217912688,
      25.536934167352232,
      8
    ],
    "Mizoram":[
      92.83821971473985,
      23.309380744392044,
      8
    ],
    "Nagaland":[
      94.47030165480228,
      26.067020152602343,
      8
    ],
    "Orissa":[
      84.41805895663832,
      20.505428023112884,
      7
    ],
    "Puducherry":[
      78.86498024482074,
      11.882657850285545,
      8
    ],
    "Punjab":[
      75.40878950832526,
      30.841464821536032,
      7
    ],
    "Rajasthan":[
      73.84797344687593,
      26.583422946371797,
      6
    ],
    "Sikkim":[
      88.4727117967804,
      27.571671448124192,
      8
    ],
    "Tamil Nadu":[
      78.40062409132624,
      11.006091418040002,
      7
    ],
    "Tripura":[
      91.74356474482875,
      23.746782996853103,
      8
    ],
    "Uttar Pradesh":[
      80.56098213144135,
      26.92542528940591,
      6
    ],
    "Uttarakhand":[
      79.19760762236419,
      30.156447342030276,
      7
    ],
    "West Bengal":[
      87.97980346739145,
      23.8140816679273,
      7
    ]
}